{
  "timestamp": "2025-09-05T06:54:19.680Z",
  "htmlFile": "examples/example.html",
  "figmaElements": 1554,
  "htmlElements": 108,
  "matchedElements": 813,
  "matchPercentage": 52.316602316602314,
  "averageConfidence": 0.7549938499384993
}